{
    "bm25": [
        5.835999999999999,
        10.33,
        5.654000000000002,
        5.708000000000002,
        10.585,
        6.648000000000001,
        6.856000000000001,
        5.943999999999998,
        6.925000000000001,
        5.8020000000000005,
        10.271999999999998,
        5.466999999999998,
        11.777,
        11.712,
        5.747000000000006,
        5.395,
        5.698,
        5.5269999999999975,
        10.290999999999997,
        6.9700000000000015,
        5.6530000000000005,
        6.989,
        6.403,
        11.793000000000001,
        6.978000000000005,
        11.776,
        5.808999999999998,
        11.733,
        11.624,
        5.456999999999999,
        10.553999999999998,
        6.499,
        5.8549999999999995,
        5.703999999999999,
        6.757000000000001,
        11.410999999999998
    ],
    "fail-basic": [
        9.116000000000001,
        11.748999999999999,
        9.120999999999997,
        9.115999999999996,
        11.786,
        10.562999999999995,
        11.620999999999999,
        9.315999999999999,
        10.604999999999995,
        7.985000000000004,
        11.716999999999999,
        9.106999999999998,
        9.167000000000002,
        8.982,
        9.115,
        10.516000000000002,
        7.939000000000001,
        9.225000000000001,
        11.664000000000003,
        11.784999999999997,
        9.033999999999995,
        11.755000000000003,
        11.852999999999998,
        10.321999999999996,
        10.619000000000002,
        10.359000000000004,
        9.113999999999995,
        11.687999999999995,
        10.203,
        9.886999999999999,
        10.508,
        8.992999999999997,
        9.118999999999994,
        10.517999999999999,
        11.267000000000001,
        9.989999999999997
    ]
}