{
    "bm25": [
        0.8490000000000001,
        1.5679999999999987,
        0.30300000000000005,
        0.30800000000000005,
        0.43100000000000005,
        1.2849999999999986,
        3.6379999999999986,
        3.084999999999999,
        1.5399999999999998,
        0.37700000000000006,
        1.580999999999999,
        1.4,
        2.7619999999999996,
        2.6719999999999997,
        1.286,
        0.23900000000000005,
        2.039999999999999,
        1.43,
        1.5579999999999992,
        3.834999999999999,
        1.264,
        3.689999999999999,
        3.808999999999999,
        5.233999999999999,
        6.278999999999999,
        4.607999999999999,
        1.3699999999999994,
        0.41200000000000003,
        4.465,
        1.571,
        1.684,
        3.183999999999999,
        2.318,
        0.23700000000000002,
        2.9659999999999984,
        4.972
    ],
    "fail-basic": [
        5.280000000000001,
        0.28300000000000003,
        4.843000000000001,
        4.865,
        0.103,
        0.20100000000000004,
        0.29500000000000004,
        5.243000000000001,
        0.397,
        0.045,
        0.29500000000000004,
        5.307,
        5.322000000000001,
        5.277,
        4.851,
        0.07600000000000001,
        0.4630000000000001,
        5.315,
        0.28,
        0.23700000000000002,
        5.223000000000001,
        0.28600000000000003,
        0.24,
        3.2639999999999993,
        0.13200000000000003,
        8.017,
        0.12100000000000001,
        0.07500000000000001,
        3.2379999999999995,
        0.10000000000000002,
        0.352,
        5.406000000000001,
        0.10700000000000001,
        0.085,
        0.382,
        3.067
    ]
}