{
    "bm25": [
        17.493,
        11.673999999999998,
        17.64700000000001,
        16.67299999999999,
        17.475,
        16.850000000000005,
        17.098999999999997,
        17.23600000000002
    ],
    "fail-basic": [
        17.583000000000002,
        16.665000000000013,
        17.25200000000001,
        16.823,
        17.68500000000001,
        17.312000000000005,
        16.73000000000001,
        11.857999999999995
    ]
}