{
    "bm25": [
        0.539,
        0.4,
        0.553,
        0.325,
        0.21500000000000002,
        0.221,
        0.43600000000000005,
        0.20600000000000002,
        0.18500000000000003,
        0.36000000000000004,
        0.19500000000000006,
        0.048,
        0.24000000000000005,
        0.188,
        0.06
    ],
    "fail-basic": [
        0.501,
        0.126,
        0.509,
        0.147,
        0.481,
        0.502,
        0.156,
        0.447,
        0.501,
        0.15000000000000002,
        0.477,
        0.034,
        0.098,
        0.512,
        0.488
    ]
}