{
    "bm25": [
        0.542,
        0.403,
        0.556,
        0.335,
        0.21600000000000003,
        0.223,
        0.44900000000000007,
        0.21300000000000002,
        0.18500000000000003,
        0.37400000000000005,
        0.22900000000000006,
        0.052000000000000005,
        0.29600000000000004,
        0.195,
        0.06
    ],
    "fail-basic": [
        0.501,
        0.126,
        0.509,
        0.147,
        0.481,
        0.502,
        0.156,
        0.447,
        0.501,
        0.15000000000000002,
        0.477,
        0.034,
        0.098,
        0.512,
        0.488
    ]
}