{
    "bm25": [
        12.082999999999998,
        11.485999999999999,
        17.61500000000001,
        11.319999999999991,
        12.081,
        16.773999999999997,
        11.564999999999994,
        17.05000000000001
    ],
    "fail-basic": [
        17.38,
        16.569000000000006,
        16.708000000000006,
        16.401,
        17.483000000000008,
        17.093000000000004,
        16.630000000000006,
        11.471999999999994
    ]
}