{
    "bm25": [
        1.9509999999999998,
        1.9719999999999995,
        1.9849999999999999,
        1.9979999999999996,
        2.1979999999999995,
        2.2929999999999997,
        2.3459999999999996,
        2.257,
        2.4419999999999997,
        2.234,
        2.4279999999999995,
        2.2089999999999996,
        2.2199999999999998,
        2.293999999999999,
        1.9869999999999999,
        2.4150000000000005,
        1.9599999999999995,
        2.005
    ],
    "fail-basic": [
        1.95,
        1.9669999999999996,
        1.9829999999999999,
        1.9949999999999994,
        2.1959999999999997,
        2.288,
        2.34,
        2.2149999999999994,
        2.4379999999999997,
        2.1939999999999995,
        2.4259999999999997,
        2.2009999999999996,
        2.2169999999999996,
        2.2889999999999993,
        1.9569999999999999,
        2.4000000000000004,
        1.9599999999999995,
        2.002
    ]
}