{
    "bm25": [
        1.9509999999999998,
        1.9709999999999996,
        1.9849999999999999,
        1.9959999999999996,
        2.1959999999999997,
        2.2769999999999997,
        2.3449999999999998,
        2.2520000000000002,
        2.4389999999999996,
        2.233,
        2.4269999999999996,
        2.1979999999999995,
        2.219,
        2.2929999999999993,
        1.9869999999999999,
        2.4150000000000005,
        1.9599999999999995,
        2.005
    ],
    "fail-basic": [
        1.95,
        1.9669999999999996,
        1.9829999999999999,
        1.9919999999999995,
        2.1959999999999997,
        2.283,
        2.335,
        2.2139999999999995,
        2.433,
        2.1939999999999995,
        2.4219999999999997,
        2.2009999999999996,
        2.2169999999999996,
        2.2839999999999994,
        1.9569999999999999,
        2.4000000000000004,
        1.9559999999999995,
        2.002
    ]
}