{
    "bm25": [
        53.766,
        7.172,
        0.027,
        7.1259999999999994,
        53.717999999999996,
        7.0889999999999995,
        7.0920000000000005,
        7.034,
        0.019,
        7.085000000000001,
        7.013000000000001,
        7.0409999999999995,
        0.016,
        7.095999999999999,
        0.02,
        8.109,
        7.212
    ],
    "fail-basic": [
        2.01,
        0.022,
        0.008,
        0.017,
        2.008,
        0.006,
        0.012,
        0.017,
        0.007,
        0.02,
        0.011,
        0.007,
        0.018,
        0.013000000000000001,
        0.019,
        0.016,
        0.014
    ]
}