{
    "bm25": [
        8.395999999999999,
        9.325999999999999,
        0.016,
        4.159
    ],
    "fail-basic": [
        0.05500000000000001,
        0.169,
        0.138,
        0.14200000000000002
    ]
}