{
    "bm25": [
        8.402999999999999,
        13.328999999999999,
        5.386000000000001,
        4.172
    ],
    "fail-basic": [
        0.10200000000000002,
        4.192,
        4.158000000000001,
        4.18
    ]
}