{
    "bm25": [
        0.153,
        0.32000000000000006,
        0.30000000000000004,
        0.28800000000000003,
        0.23
    ],
    "fail-basic": [
        0.168,
        0.199,
        0.19,
        0.161,
        0.21000000000000002
    ]
}