{
    "bm25": [
        0.045000000000000005,
        0.092,
        0.066,
        0.032999999999999995,
        0.101
    ],
    "fail-basic": [
        0.063,
        0.031000000000000003,
        0.044,
        0.032,
        0.11800000000000001
    ]
}