{
    "bm25": [
        4.092999999999999,
        3.870999999999998,
        3.848999999999999,
        3.904999999999999,
        3.867999999999997,
        3.898,
        4.162999999999998,
        4.007999999999999,
        3.958999999999999,
        3.8139999999999987,
        3.863999999999998,
        5.517000000000002,
        5.491000000000001,
        5.5059999999999985,
        3.778999999999998,
        5.439000000000002,
        5.631,
        5.558000000000002,
        5.456000000000002,
        5.401000000000003,
        6.0329999999999995
    ],
    "fail-basic": [
        4.073000000000002,
        3.8569999999999975,
        3.8259999999999987,
        3.8899999999999975,
        3.8509999999999973,
        3.876999999999999,
        4.138000000000003,
        3.9929999999999977,
        3.9449999999999985,
        3.7929999999999975,
        3.844999999999997,
        5.502000000000002,
        5.367000000000001,
        5.3870000000000005,
        3.7559999999999976,
        5.316000000000001,
        5.570000000000003,
        5.537000000000001,
        5.438000000000005,
        5.386000000000004,
        5.982999999999999
    ]
}