{
    "bm25": [
        0.6360000000000002,
        0.6090000000000001,
        0.6080000000000001,
        0.6170000000000001,
        0.5850000000000002,
        0.5830000000000002,
        0.6280000000000001,
        0.6080000000000001,
        0.6530000000000001,
        0.6500000000000001,
        0.6070000000000002,
        0.6120000000000001,
        0.6270000000000001,
        0.6110000000000001,
        0.6360000000000001,
        0.5800000000000001,
        0.6420000000000001,
        0.6270000000000001,
        0.6100000000000001,
        0.6250000000000001
    ],
    "fail-basic": [
        0.6240000000000001,
        0.6370000000000001,
        0.6290000000000001,
        0.6270000000000002,
        0.5740000000000002,
        0.5780000000000002,
        0.6580000000000001,
        0.6170000000000001,
        0.6110000000000001,
        0.6490000000000001,
        0.6000000000000001,
        0.6360000000000001,
        0.6510000000000001,
        0.5930000000000001,
        0.6610000000000001,
        0.5870000000000002,
        0.6730000000000002,
        0.6210000000000002,
        0.6350000000000002,
        0.6460000000000001
    ]
}