{
    "bm25": [
        8.846,
        9.431000000000001,
        9.419,
        9.479999999999999,
        9.202,
        9.301,
        10.85,
        8.079,
        9.491000000000001,
        11.059999999999997,
        11.152,
        8.921999999999997,
        11.089999999999998,
        10.905
    ],
    "fail-basic": [
        9.336,
        9.43,
        9.419000000000002,
        9.516,
        9.335,
        9.299999999999999,
        11.44,
        11.503,
        11.638,
        11.614999999999998,
        11.685999999999998,
        9.469999999999999,
        11.642000000000001,
        11.491
    ]
}